SCL,Carbapenemasas,non-CP,NDM-7,KPC-2,KPC-3,CTX-M-15,CTX-M-1,CTX-M-177,CTX-M-2,CTX-M-22,CTX-M-3,CTX-M-30,CTX-M-33,CTX-M-8,OXA-1,OXA-10,OXA-1030,OXA-219,OXA-9,SHV-1,SHV-11,SHV-12,SHV-110,SHV-106,SHV-182,SHV-187,SHV-28,TEM-1,TEM-34,TEM-105,PDC-5,ACT-5,ESBL,Score ESBL,Score ESBL 2,Total Score 2,narrow-broad spectrum,Score narrow,Total non-carbapenemase genes,Carbapenemases,Score carbapenemase,Total Score,CTX-M,SHV,OXA,TEM,PDC,MIC,inconsistent MIC,Skipped wells,skipped wells 0/1,sospecha HR,CirA WT,CirA mut,CirA others,CirA D266Y,CirA D558N,CirA S264F,CirA T172A,CirA V237I,CirA Y183W,Fiu WT,Fiu mut,Fiu_A32T_A287T,Fiu_P237L,Fiu_R414K,Fiu_V395I_A672V,Fiu_V678A,Fiu_V77L,FcuA WT,FcuA mut,FcuA_S8P_V27A_D31E_L255F,FcuA_V27A,FcuA_V27A_V290I,FepA WT,FepA mut,FepA_K614E,FepA_T362S_A367S,FepA_W324R_T362S_A367S,,CTX_M_1_copynumber,CTX_M_2_copynumber,CTX_M_3_copynumber,CTX_M_15_copynumber,CTX_M_33_copynumber,CTX_M_177_copynumber,CTX_M_SUM,SHV_1_copynumber,SHV_27_copynumber,SHV_1_copynumber,SHV_81_copynumber,SHV_100_copynumber,SHV_101_copynumber,SHV_110_copynumber,SHV_182_copynumber,SHV_SUM,TEM_1_copynumber,OXA_1_copynumber,OXA_10_copynumber,OXA_SUM,NARROW_SUM,TOTAL_SUM
2310,;,1,0,0,0,0,0,0,0,0,0,0,1,0,1,0,0,0,0,0,0,0,0,0,0,0,0,1,0,0,0,0,1,0.5,0.125,0.125,2,0.6,3,0,0,1.1,1,0,1,1,0,0.5,0,0,0,0,1,0,0,0,0,0,0,0,0,0,1,1,0,0,0,0,0,0,1,0,0,1,0,1,0,0,1,,-,-,-,-,3.85664,-,3.85664,-,-,-,-,-,-,-,0.770015112,0.770015112,2.148090056,3.695092762,-,3.695092762,5.843182818,10.46983793
2323,;,1,0,0,0,1,0,0,0,0,0,0,0,0,1,1,0,0,0,0,1,0,0,0,0,0,0,0,0,0,0,0,1,0.5,0.125,0.125,3,0.9,4,0,0,1.4,1,1,2,0,0,2,0,2,1,1,1,0,0,0,0,0,0,0,0,1,0,0,0,0,0,0,0,1,0,0,0,1,0,1,1,0,0,,-,-,-,0.33575,-,-,0.33575,-,-,-,-,-,-,0.648312065,-,0.648312065,-,0.307737524,0.261141289,0.568878813,0.568878813,1.552940878
8619,;,1,0,0,0,0,0,0,1,0,0,0,0,0,1,1,0,0,0,0,1,0,0,0,0,0,0,1,0,0,0,0,1,0.5,0.125,0.125,4,1.2,5,0,0,1.7,1,1,2,1,0,0.25,0,2,1,1,1,0,0,0,0,0,0,0,0,1,0,0,0,0,0,0,0,1,0,0,0,0,0,1,1,0,0,,-,0.10525,-,-,-,-,0.10525,-,-,-,-,-,-,0.732091373,-,0.732091373,0.964075921,0.955807833,6.546614132,7.502421965,8.466497886,9.303839259
2341,;,1,0,0,0,1,0,0,0,0,0,0,0,0,1,0,0,0,0,0,0,0,0,0,0,0,0,1,0,0,0,0,1,0.5,0.125,0.125,2,0.6,3,0,0,1.1,1,0,1,1,0,0.5,0,0,0,0,1,0,0,0,0,0,0,0,0,0,1,1,0,0,0,0,0,0,1,0,0,1,0,1,0,0,1,,-,-,-,0.22516,-,-,0.22516,-,-,-,-,-,-,-,0.704348655,0.704348655,0.284484673,0.325198334,-,0.325198334,0.609683007,1.539191662
5102,;,1,0,0,0,1,0,1,1,0,0,0,0,0,1,1,0,0,0,0,1,0,0,0,0,0,0,1,0,0,0,0,3,1.5,0.375,0.375,4,1.2,7,0,0,2.7,3,1,2,1,0,1,0,1,1,1,1,0,0,0,0,0,0,0,0,1,0,0,0,0,0,0,0,1,0,0,0,1,0,1,1,0,0,,-,0.22857,-,0.79883,-,0.81072,1.83812,-,-,-,-,-,-,0.725553074,-,0.725553074,0.394547086,0.245793419,0.261357443,0.507150862,0.901697948,3.465371022
2345,;,1,0,0,0,1,0,0,1,0,0,0,0,0,1,1,0,0,0,0,1,0,0,0,0,0,0,1,0,0,0,0,2,1,0.25,0.25,4,1.2,6,0,0,2.2,2,1,2,1,0,2,1,1,1,1,1,0,0,0,0,0,0,0,0,1,0,0,0,0,0,0,0,1,0,0,0,1,0,1,1,0,0,,-,0.3318,-,0.43638,-,-,0.76818,-,-,-,0.756305533,-,-,-,-,0.756305533,0.331910345,0.302968117,0.251626045,0.554594162,1.64281004,2.41099004
2913,;,1,0,0,0,1,0,0,1,0,0,0,0,0,1,1,0,0,0,0,1,0,0,0,0,0,0,1,0,0,0,0,2,1,0.25,0.25,4,1.2,6,0,0,2.2,2,1,2,1,0,1,1,2,1,1,1,0,0,0,0,0,0,0,0,1,0,0,0,0,0,0,0,1,0,0,0,1,0,1,1,0,0,,-,0.43903,-,1.39746,-,-,1.83649,-,-,-,0.754063922,-,-,-,-,0.754063922,0.33030622,0.272816715,0.390146261,0.662962976,1.747333118,3.583823118
2701,;,1,0,0,0,1,0,0,0,0,0,0,0,0,1,0,0,0,0,0,1,0,0,0,0,0,0,1,0,0,0,0,1,0.5,0.125,0.125,3,0.9,4,0,0,1.4,1,1,1,1,0,1,0,0,0,0,1,0,0,0,0,0,0,0,0,0,1,1,0,0,0,0,0,0,1,0,0,1,0,1,0,0,1,,-,-,-,1.16213,-,-,1.16213,-,-,-,-,-,-,-,0.787432629,0.787432629,0.656319454,1.143495189,-,1.143495189,1.799814643,3.749377272
2704,;,1,0,0,0,0,0,0,0,0,0,0,1,0,1,0,0,0,0,0,0,0,0,0,0,0,0,1,0,0,0,0,1,0.5,0.125,0.125,2,0.6,3,0,0,1.1,1,0,1,1,0,0.13,1,0,0,1,1,0,0,0,0,0,0,0,0,0,1,1,0,0,0,0,0,0,1,0,0,1,0,1,0,0,1,,-,-,-,-,0.54207,-,0.54207,-,-,-,-,-,-,-,0.775770361,0.775770361,0.454390213,0.444963119,-,0.444963119,0.899353332,2.217193693
5184,;,1,0,0,0,1,0,0,1,0,0,0,0,0,1,1,0,0,0,0,1,0,0,0,0,0,0,1,0,0,0,0,2,1,0.25,0.25,4,1.2,6,0,0,2.2,2,1,2,1,0,0.5,0,0,0,0,1,0,0,0,0,0,0,0,0,1,0,0,0,0,0,0,0,1,0,0,0,0,0,1,1,0,0,,-,0.44648,-,0.40676,-,-,0.85324,-,-,-,0.815496176,-,-,-,-,0.815496176,0.435848491,0.415562248,0.457789286,0.873351534,2.124696201,2.977936201
2517,;,1,0,0,0,1,0,0,1,0,0,0,0,0,1,1,0,0,0,0,1,0,0,0,0,0,0,0,0,0,0,0,2,1,0.25,0.25,3,0.9,5,0,0,1.9,2,1,2,0,0,1,1,2,1,1,1,0,0,0,0,0,0,0,0,1,0,0,0,0,0,0,0,1,0,0,0,1,0,1,1,0,0,,-,0.6077,-,0.61467,-,-,1.22237,-,-,-,0.732219963,-,-,-,-,0.732219963,-,0.467877328,0.530470478,0.998347806,1.730567769,2.952937769
14425,;,1,0,0,0,0,0,0,1,0,0,0,0,0,1,1,0,0,0,0,1,0,0,0,0,0,0,1,0,0,0,0,1,0.5,0.125,0.125,4,1.2,5,0,0,1.7,1,1,2,1,0,0.5,1,0,0,1,1,0,0,0,0,0,0,0,0,1,0,0,0,0,0,0,0,1,0,0,0,1,0,1,1,0,0,,-,0.61509,-,-,-,-,0.61509,-,-,-,0.64031612,-,-,-,-,0.64031612,0.60692318,0.463897068,0.56616931,1.030066378,2.277305678,2.892395678
2966,;,1,0,0,0,1,0,0,0,0,0,0,0,0,1,0,0,0,0,0,1,0,0,0,0,0,0,1,0,0,0,0,1,0.5,0.125,0.125,3,0.9,4,0,0,1.4,1,1,1,1,0,0.5,0,0,0,0,1,0,0,0,0,0,0,0,0,0,1,1,0,0,0,0,0,0,1,0,0,1,0,1,0,0,1,,-,-,-,0.86155,-,-,0.86155,-,-,-,-,-,-,-,0.578590955,0.578590955,0.650541752,0.86856037,-,0.86856037,1.519102122,2.959243077
2330,;,1,0,0,0,1,0,0,1,0,0,0,0,0,1,1,0,0,0,0,1,0,0,0,0,0,0,1,0,0,0,0,2,1,0.25,0.25,4,1.2,6,0,0,2.2,2,1,2,1,0,1,0,0,0,0,1,0,0,0,0,0,0,0,0,1,0,0,0,0,0,0,0,1,0,0,0,0,0,1,1,0,0,,-,0.78492,-,0.7599,-,-,1.54482,-,-,-,0.63909234,-,-,-,-,0.63909234,0.745490229,0.575883081,0.519458713,1.095341794,2.479924363,4.024744363
2988,;,1,0,0,0,1,0,0,0,0,0,0,0,0,1,0,0,0,0,0,1,0,0,0,0,0,0,1,0,0,0,0,1,0.5,0.125,0.125,3,0.9,4,0,0,1.4,1,1,1,1,0,0.5,0,0,0,0,1,0,0,0,0,0,0,0,0,0,1,1,0,0,0,0,0,0,1,0,0,1,0,1,0,0,1,,-,-,-,1.92315,-,-,1.92315,-,-,-,-,-,-,-,0.687507707,0.687507707,2.114008053,1.770178978,-,1.770178978,3.884187031,6.494844738
3647,;,1,0,0,0,1,0,0,0,0,0,0,0,0,1,0,0,0,0,0,1,0,0,0,0,0,0,1,0,0,0,0,1,0.5,0.125,0.125,3,0.9,4,0,0,1.4,1,1,1,1,0,0.5,0,0,0,0,1,0,0,0,0,0,0,0,0,0,1,1,0,0,0,0,0,0,1,0,0,1,0,1,0,0,1,,-,-,-,0.77914,-,-,0.77914,-,-,-,-,-,-,-,0.83438702,0.83438702,0.795610422,0.653856807,-,0.653856807,1.449467229,3.062994249
3741,;,1,0,0,0,1,0,0,0,0,0,0,0,0,1,0,0,0,0,0,1,0,0,0,0,0,0,1,0,0,0,0,1,0.5,0.125,0.125,3,0.9,4,0,0,1.4,1,1,1,1,0,2,1,0,0,1,1,0,0,0,0,0,0,0,0,1,0,0,0,0,0,0,0,1,0,0,0,1,0,1,1,0,0,,-,-,-,1.03543,-,-,1.03543,-,-,-,-,-,-,0.692776599,-,0.692776599,1.20869537,0.932622393,-,0.932622393,2.141317763,3.869524362
3746,;,1,0,0,0,1,0,0,0,0,0,0,0,0,1,0,0,0,0,0,0,0,0,0,0,0,0,1,0,0,0,0,1,0.5,0.125,0.125,2,0.6,3,0,0,1.1,1,0,1,1,0,1,0,0,0,0,1,0,0,0,0,0,0,0,0,0,1,1,0,0,0,0,0,0,1,0,0,1,0,1,0,0,1,,-,-,-,0.65563,-,-,0.65563,-,-,-,-,-,-,-,0.865790962,0.865790962,0.693726508,0.657914246,-,0.657914246,1.351640754,2.873061716
3955,;,1,0,0,0,1,0,0,0,0,0,0,0,0,1,0,0,0,0,0,1,0,0,0,0,0,0,1,0,0,0,0,1,0.5,0.125,0.125,3,0.9,4,0,0,1.4,1,1,1,1,0,0.5,0,0,0,0,1,0,0,0,0,0,0,0,0,0,1,1,0,0,0,0,0,0,1,0,0,1,0,1,0,0,1,,-,-,-,0.89349,-,-,0.89349,-,-,-,-,-,-,-,0.761656132,0.761656132,0.779308358,0.777835208,-,0.777835208,1.557143566,3.212289698
3960,;,1,0,0,0,0,0,0,0,0,0,0,1,0,1,0,0,0,0,0,0,0,0,0,0,0,0,1,0,0,0,0,1,0.5,0.125,0.125,2,0.6,3,0,0,1.1,1,0,1,1,0,0.25,0,0,0,0,1,0,0,0,0,0,0,0,0,0,1,1,0,0,0,0,0,0,1,0,0,1,0,1,0,0,1,,-,-,-,-,0.81498,-,0.81498,-,-,-,-,-,-,-,0.748392863,0.748392863,0.831083976,0.629103274,-,0.629103274,1.46018725,3.023560113
2965,;,1,0,0,0,0,0,0,1,0,0,0,0,0,0,1,0,0,0,0,1,0,0,0,0,0,0,1,0,0,0,0,1,0.5,0.125,0.125,3,0.9,4,0,0,1.4,1,1,1,1,0,0.25,0,0,0,0,1,0,0,0,0,0,0,0,0,1,0,0,0,0,0,0,0,1,0,0,0,0,0,1,1,0,0,,-,0.84947,-,-,-,-,0.84947,-,-,-,-,-,-,0.654861254,-,0.654861254,0.321770216,-,0.707189226,0.707189226,1.028959442,2.533290696
4630,;,1,0,0,0,1,0,0,0,0,0,0,0,0,1,0,0,0,0,0,0,0,0,1,0,0,1,1,0,0,0,0,3,1.5,0.375,0.375,2,0.6,5,0,0,2.1,1,2,1,1,0,1,0,0,0,0,0,1,1,0,0,0,1,0,0,1,0,0,0,0,0,0,0,1,0,0,0,1,0,1,0,1,0,,-,-,-,1.23049,-,-,1.23049,-,-,-,-,0.780288779,-,-,-,0.780288779,1.517945507,1.136936193,-,1.136936193,2.6548817,4.665660479
4654,;,1,0,0,0,1,0,0,1,0,0,0,0,0,1,1,0,0,0,0,1,0,0,0,0,0,0,1,0,0,0,0,2,1,0.25,0.25,4,1.2,6,0,0,2.2,2,1,2,1,0,1,1,0,0,1,1,0,0,0,0,0,0,0,0,1,0,0,0,0,0,0,0,1,0,0,0,1,0,1,1,0,0,,-,0.88307,-,2.36616,-,-,3.24923,-,-,-,-,-,-,0.649225338,-,0.649225338,1.228455579,1.046537425,0.441649121,1.488186546,2.716642125,6.615097463
8500,;,1,0,0,0,0,0,0,1,0,0,0,0,0,1,1,0,0,0,0,1,0,0,0,0,0,0,1,0,0,0,0,1,0.5,0.125,0.125,4,1.2,5,0,0,1.7,1,1,2,1,0,0.5,0,3,1,1,1,0,0,0,0,0,0,0,0,1,0,0,0,0,0,0,0,1,0,0,0,0,0,1,1,0,0,,-,0.94089,-,-,-,-,0.94089,-,-,-,0.815634141,-,-,-,-,0.815634141,1.132864357,1.066437445,1.001643595,2.06808104,4.016579538,4.957469538
4827,;,1,0,0,0,1,0,0,0,0,0,0,0,0,1,0,0,0,0,0,1,0,0,0,0,0,0,1,0,0,0,0,1,0.5,0.125,0.125,3,0.9,4,0,0,1.4,1,1,1,1,0,0.5,0,2,1,1,1,0,0,0,0,0,0,0,0,1,0,0,0,0,0,0,0,1,0,0,0,1,0,1,1,0,0,,-,-,-,1.1351,-,-,1.1351,-,-,-,0.76222186,-,-,-,-,0.76222186,1.339736386,1.152150224,-,1.152150224,3.25410847,4.38920847
4986,;,1,0,0,0,1,0,0,0,0,0,0,0,0,1,1,0,0,0,0,1,0,0,0,0,0,0,1,0,0,0,0,1,0.5,0.125,0.125,4,1.2,5,0,0,1.7,1,1,2,1,0,0.25,1,1,1,1,1,0,0,0,0,0,0,0,0,1,0,0,0,0,0,0,0,1,0,0,0,1,0,1,1,0,0,,-,-,-,1.34697,-,-,1.34697,-,-,-,-,-,-,0.607459575,-,0.607459575,0.310250819,0.177627344,0.596126259,0.773753603,1.084004422,3.038433997
4994,;,1,0,0,0,1,0,0,0,0,0,0,0,0,1,1,0,0,0,0,1,0,0,0,0,0,0,1,0,0,0,0,1,0.5,0.125,0.125,4,1.2,5,0,0,1.7,1,1,2,1,0,1,0,0,0,0,1,0,0,0,0,0,0,0,0,1,0,0,0,0,0,0,0,1,0,0,0,0,0,1,1,0,0,,-,-,-,0.69176,-,-,0.69176,-,-,-,-,-,-,0.607454055,-,0.607454055,1.579651525,0.561880579,0.978903693,1.540784272,3.120435797,4.419649852
4996,;,1,0,0,0,1,0,0,0,0,0,0,0,0,1,0,0,0,0,0,1,0,0,0,0,0,0,1,0,0,0,0,1,0.5,0.125,0.125,3,0.9,4,0,0,1.4,1,1,1,1,0,0.5,0,1,1,1,1,0,0,0,0,0,0,0,0,0,1,1,0,0,0,0,0,0,1,0,0,1,0,1,0,0,1,,-,-,-,0.66903,-,-,0.66903,-,-,-,-,-,-,-,0.609412988,0.609412988,0.775726389,0.712685402,-,0.712685402,1.488411791,2.766854779
3966,;,1,0,0,0,0,0,0,1,0,0,0,0,0,1,1,0,0,0,0,1,0,0,0,0,0,0,1,0,0,0,0,1,0.5,0.125,0.125,4,1.2,5,0,0,1.7,1,1,2,1,0,4,1,3,1,1,1,0,0,0,0,0,0,0,0,1,0,0,0,0,0,0,0,1,0,0,0,1,0,1,1,0,0,,-,0.97748,-,-,-,-,0.97748,-,-,-,-,-,-,0.599094651,-,0.599094651,0.816735567,0.631717338,0.910816649,1.542533987,2.359269554,3.935844205
5083,;,1,0,0,0,1,0,0,0,0,0,0,0,0,1,1,0,0,0,0,1,0,0,0,0,0,0,1,0,0,0,0,1,0.5,0.125,0.125,4,1.2,5,0,0,1.7,1,1,2,1,0,1,1,4,1,1,1,0,0,0,0,0,0,0,0,1,0,0,0,0,0,0,0,1,0,0,0,1,0,1,1,0,0,,-,-,-,2.3289,-,-,2.3289,-,-,-,-,-,-,0.79930123,-,0.79930123,1.613323439,1.325529144,0.584549394,1.910078538,3.523401977,6.651603207
2901,;,1,0,0,0,1,0,0,1,0,0,0,0,0,1,1,0,0,0,0,1,0,0,0,0,0,0,1,0,0,0,0,2,1,0.25,0.25,4,1.2,6,0,0,2.2,2,1,2,1,0,0.5,0,0,0,0,1,0,0,0,0,0,0,0,0,1,0,0,0,0,0,0,0,1,0,0,0,0,0,1,1,0,0,,-,1.01108,1.78817,-,-,-,2.79925,-,-,-,-,-,-,0.608252381,-,0.608252381,1.609934315,0.493756031,0.737391327,1.231147358,2.841081673,6.248584054
5104,;,1,0,0,0,1,0,0,0,0,0,0,0,0,1,1,0,0,0,0,1,0,0,0,0,0,0,1,0,0,0,0,1,0.5,0.125,0.125,4,1.2,5,0,0,1.7,1,1,2,1,0,0.5,0,0,0,0,1,0,0,0,0,0,0,0,0,1,0,0,0,0,0,0,0,1,0,0,0,0,0,1,1,0,0,,-,-,-,0.22505,-,-,0.22505,-,-,-,-,-,-,0.72932539,-,0.72932539,0.452284939,0.190182632,0.490856563,0.681039195,1.133324134,2.087699524
5148,;,1,0,0,0,1,0,0,0,0,0,0,0,0,1,0,0,0,0,0,1,0,0,0,0,0,0,1,0,0,0,0,1,0.5,0.125,0.125,3,0.9,4,0,0,1.4,1,1,1,1,0,0.5,0,0,0,0,1,0,0,0,0,0,0,0,0,1,0,0,0,0,0,0,0,1,0,0,0,0,0,1,1,0,0,,-,-,-,1.20795,-,-,1.20795,-,-,-,-,-,-,0.813444461,-,0.813444461,1.947377609,3.226962911,-,3.226962911,5.17434052,7.195734981
5150,;,1,0,0,0,1,0,0,0,0,0,0,0,0,1,1,0,0,0,0,1,0,0,0,0,0,0,1,0,0,0,0,1,0.5,0.125,0.125,4,1.2,5,0,0,1.7,1,1,2,1,0,1,0,0,0,0,1,0,0,0,0,0,0,0,0,1,0,0,0,0,0,0,0,1,0,0,0,0,0,1,1,0,0,,-,-,-,0.31847,-,-,0.31847,-,-,-,-,-,-,0.826731164,-,0.826731164,0.566999475,0.25968166,0.378444067,0.638125727,1.205125202,2.350326366
9559,;,1,0,0,0,0,0,0,1,0,0,0,0,0,1,1,0,0,0,0,1,0,0,0,0,0,0,1,0,0,0,0,1,0.5,0.125,0.125,4,1.2,5,0,0,1.7,1,1,2,1,0,0.5,0,3,1,1,1,0,0,0,0,0,0,0,0,1,0,0,0,0,0,0,0,1,0,0,0,1,0,1,1,0,0,,-,1.02357,-,-,-,-,1.02357,-,-,-,-,-,-,0.741417456,-,0.741417456,0.954375151,0.682760663,1.169233517,1.85199418,2.806369331,4.571356787
10095,;,1,0,0,0,0,0,0,1,0,0,0,0,0,1,1,0,0,0,0,1,0,0,0,0,0,0,1,0,0,0,0,1,0.5,0.125,0.125,4,1.2,5,0,0,1.7,1,1,2,1,0,1,1,3,1,1,1,0,0,0,0,0,0,0,0,1,0,0,0,0,0,0,0,1,0,0,0,1,0,1,1,0,0,,-,1.11515,-,-,-,-,1.11515,-,-,-,-,-,-,0.736029904,-,0.736029904,1.114599123,0.911571773,1.350937348,2.262509121,3.377108244,5.228288148
10612,;,1,0,0,0,1,0,0,1,0,0,0,0,0,1,1,0,0,0,0,0,0,0,0,0,0,0,0,0,0,0,0,2,1,0.25,0.25,2,0.6,4,0,0,1.6,2,0,2,0,0,0.25,0,0,0,0,0,1,1,1,0,0,0,0,0,0,1,0,0,0,0,1,0,,,,,,0,1,0,1,0,,-,1.12516,-,1.13723,-,-,2.26239,-,-,-,-,-,0.767607626,-,-,0.767607626,-,0.939593179,1.025585955,1.965179134,1.965179134,4.99517676
8242,;,1,0,0,0,1,0,0,0,0,0,0,0,0,1,1,0,0,0,0,1,0,0,0,0,0,0,1,0,0,0,0,1,0.5,0.125,0.125,4,1.2,5,0,0,1.7,1,1,2,1,0,1,0,1,1,1,1,0,0,0,0,0,0,0,0,1,0,0,0,0,0,0,0,1,0,0,0,0,0,1,1,0,0,,-,-,-,1.95178,-,-,1.95178,-,-,-,-,-,-,0.950194394,-,0.950194394,4.960204394,1.699833438,1.532414225,3.232247663,8.192452057,11.09442645
8241,;,1,0,0,0,0,0,0,1,0,0,0,0,0,0,1,0,0,0,0,1,0,0,0,0,0,0,0,0,0,0,0,1,0.5,0.125,0.125,2,0.6,3,0,0,1.1,1,1,1,0,0,0.5,0,0,0,0,1,0,0,0,0,0,0,0,0,1,0,0,0,0,0,0,0,1,0,0,0,0,0,1,1,0,0,,-,1.18293,-,-,-,-,1.18293,-,-,-,0.808378003,-,-,-,-,0.808378003,-,-,1.243234247,1.243234247,2.05161225,3.23454225
9261,;,1,0,0,0,0,0,0,1,0,0,0,0,0,1,1,0,0,0,0,1,0,0,0,0,0,0,1,0,0,0,0,1,0.5,0.125,0.125,4,1.2,5,0,0,1.7,1,1,2,1,0,0.5,0,3,1,1,1,0,0,0,0,0,0,0,0,1,0,0,0,0,0,0,0,1,0,0,0,0,0,1,1,0,0,,-,1.23677,-,-,-,-,1.23677,-,-,-,-,-,-,0.875391622,-,0.875391622,1.240037511,0.917204708,1.572159272,2.48936398,3.729401491,5.841563113
8247,;,1,0,0,0,1,0,0,1,0,0,0,0,0,1,1,0,0,0,0,1,0,0,0,0,0,0,1,0,0,0,0,2,1,0.25,0.25,4,1.2,6,0,0,2.2,2,1,2,1,0,0.5,0,0,0,0,1,0,0,0,0,0,0,0,0,1,0,0,0,0,0,0,0,1,0,0,0,0,0,1,1,0,0,,-,1.24971,-,-,-,-,1.24971,-,-,-,-,-,-,0.815537484,-,0.815537484,1.227189738,0.973552752,1.340414012,2.313966764,3.541156502,5.606403986
9555,;,1,0,0,0,0,0,0,1,0,0,0,0,0,0,1,0,0,0,0,0,1,0,0,0,0,0,0,0,0,0,0,2,1,0.25,0.25,1,0.3,3,0,0,1.3,1,1,1,0,0,2,0,0,0,0,1,0,0,0,0,0,0,0,0,1,0,0,0,0,0,0,0,1,0,0,0,0,0,1,1,0,0,,-,1.25095,-,-,-,-,1.25095,2.733025619,-,-,-,-,-,-,-,2.733025619,-,-,1.342886644,1.342886644,1.342886644,5.326862263
10104,;,1,0,0,0,0,0,0,1,0,0,0,0,0,1,1,0,0,0,0,1,0,0,0,0,0,0,1,0,0,0,0,1,0.5,0.125,0.125,4,1.2,5,0,0,1.7,1,1,2,1,0,0.5,0,0,0,0,1,0,0,0,0,0,0,0,0,1,0,0,0,0,0,0,0,1,0,0,0,0,0,1,1,0,0,,-,1.29496,-,-,-,-,1.29496,-,-,-,-,-,-,0.873683397,-,0.873683397,1.049042444,0.920037006,1.533826625,2.453863631,3.502906075,5.671549472
8245,;,1,0,0,0,0,0,0,1,0,0,0,0,0,1,1,0,0,0,0,1,0,0,0,0,0,0,1,0,0,0,0,1,0.5,0.125,0.125,4,1.2,5,0,0,1.7,1,1,2,1,0,0.5,0,0,0,0,1,0,0,0,0,0,0,0,0,1,0,0,0,0,0,0,0,1,0,0,0,0,0,1,1,0,0,,-,1.31655,-,-,-,-,1.31655,-,-,-,-,-,-,0.818453337,-,0.818453337,1.17535987,0.900378274,1.140685105,2.041063379,3.216423249,5.351426586
4702,;,1,0,0,0,1,0,0,1,0,0,0,0,0,1,1,0,0,0,0,1,0,0,0,0,0,0,1,0,1,0,0,2,1,0.25,0.25,5,1.5,7,0,0,2.5,2,1,2,2,0,1,0,1,1,1,1,0,0,0,0,0,0,0,0,1,0,0,0,0,0,0,0,1,0,0,0,0,0,1,1,0,0,,-,1.32518,-,1.05737,-,-,2.38255,-,-,-,-,-,-,0.73630764,-,0.73630764,1.042028633,0.889678218,1.394362955,2.284041173,3.326069806,6.444927446
8630,;,1,0,0,0,0,0,0,1,0,0,0,0,0,1,1,0,0,0,0,1,0,0,0,0,0,0,1,0,0,0,0,1,0.5,0.125,0.125,4,1.2,5,0,0,1.7,1,1,2,1,0,0.5,0,1,1,1,1,0,0,0,0,0,0,0,0,1,0,0,0,0,0,0,0,1,0,0,0,0,0,1,1,0,0,,-,1.36567,-,-,-,-,1.36567,-,-,-,-,-,-,0.911544627,-,0.911544627,1.060806957,1.062653667,1.581662995,2.644316662,3.705123619,5.982338246
8624,;,1,0,0,0,0,1,0,0,0,0,0,0,0,0,0,0,0,0,0,1,0,0,0,0,0,0,0,0,0,0,0,1,0.5,0.125,0.125,1,0.3,2,0,0,0.8,1,1,0,0,0,0.13,0,0,0,0,1,0,0,0,0,0,0,0,0,0,1,1,0,0,0,0,0,0,1,0,0,1,0,1,0,0,1,,3.9146,-,-,-,-,-,3.9146,-,-,-,-,-,-,-,0.859280021,0.859280021,-,-,-,0,0,4.773880021
9665,;,1,0,0,0,0,0,0,1,0,0,0,0,0,1,1,0,0,0,0,1,0,0,0,0,0,0,1,0,0,0,0,1,0.5,0.125,0.125,4,1.2,5,0,0,1.7,1,1,2,1,0,0.5,0,0,0,0,1,0,0,0,0,0,0,0,0,1,0,0,0,0,0,0,0,1,0,0,0,0,0,1,1,0,0,,-,1.36692,-,-,-,-,1.36692,-,-,-,-,-,-,0.911580143,-,0.911580143,1.156737862,0.973105529,1.518874097,2.491979626,3.648717488,5.927217631
8686,;,1,0,0,0,1,0,0,0,0,0,0,0,0,1,0,0,0,0,0,1,0,0,0,0,0,0,0,0,0,0,0,1,0.5,0.125,0.125,2,0.6,3,0,0,1.1,1,1,1,0,0,0.5,0,0,0,0,1,0,0,0,0,0,0,0,0,1,0,0,0,0,0,0,0,1,0,0,0,0,0,1,1,0,0,,-,-,-,2.05565,-,-,2.05565,-,-,-,0.762389316,-,-,-,-,0.762389316,-,1.741444607,-,1.741444607,2.503833923,4.559483923
8692,;,1,0,0,0,1,0,0,0,0,0,0,0,0,1,0,0,0,0,0,1,0,0,0,0,0,0,1,0,0,0,0,1,0.5,0.125,0.125,3,0.9,4,0,0,1.4,1,1,1,1,0,0.5,1,3,1,1,1,0,0,0,0,0,0,0,0,1,0,0,0,0,0,0,0,1,0,0,0,1,0,1,1,0,0,,-,-,-,1.71914,-,-,1.71914,-,-,-,-,-,-,0.873070012,-,0.873070012,0.896065999,1.162753661,-,1.162753661,2.05881966,4.651029672
11041,;,1,0,0,0,1,0,0,1,0,0,0,0,0,0,1,0,0,0,0,1,0,0,0,0,0,0,1,0,0,0,0,2,1,0.25,0.25,3,0.9,5,0,0,1.9,2,1,1,1,0,1,1,0,0,1,1,0,0,0,0,0,0,0,0,1,0,0,0,0,0,0,0,1,0,0,0,1,0,1,1,0,0,,-,1.53344,-,3.68516,-,-,5.2186,-,-,-,-,-,-,0.839856629,-,0.839856629,2.904012879,-,1.650177053,1.650177053,4.554189932,10.61264656
9008,;,1,0,0,0,0,1,0,0,0,0,0,0,0,0,0,0,0,0,0,1,0,0,0,0,0,0,0,0,0,0,0,1,0.5,0.125,0.125,1,0.3,2,0,0,0.8,1,1,0,0,0,0.25,0,0,0,0,1,0,0,0,0,0,0,0,0,0,1,1,0,0,0,0,0,0,1,0,0,1,0,1,0,0,1,,5.0062,-,-,-,-,-,5.0062,-,-,-,-,-,-,-,0.73301543,0.73301543,-,-,-,0,0,5.73921543
10107,;,1,0,0,0,0,0,0,1,0,0,0,0,0,1,1,0,0,0,0,1,0,0,0,0,0,0,1,0,0,0,0,1,0.5,0.125,0.125,4,1.2,5,0,0,1.7,1,1,2,1,0,1,0,2,1,1,1,0,0,0,0,0,0,0,0,1,0,0,0,0,0,0,0,1,0,0,0,0,0,1,1,0,0,,-,1.55985,-,-,-,-,1.55985,-,-,-,0.755162755,-,-,-,-,0.755162755,1.095264401,1.039720239,1.96252177,3.002242009,4.852669165,6.412519165
9554,;,1,0,0,0,1,0,0,0,0,0,0,0,0,0,0,0,0,0,0,0,0,0,0,0,0,0,1,0,0,0,0,1,0.5,0.125,0.125,1,0.3,2,0,0,0.8,1,0,0,1,0,1,0,0,0,0,1,0,0,0,0,0,0,0,0,1,0,0,0,0,0,0,0,1,0,0,0,1,1,0,0,0,0,,-,-,-,1.76663,-,-,1.76663,-,0.791647593,-,-,-,-,-,-,0.791647593,1.627293849,-,-,0,1.627293849,4.185571442
8254,;,1,0,0,0,0,0,0,1,0,0,0,0,0,1,1,0,0,0,0,1,0,0,0,0,0,0,1,0,0,0,0,1,0.5,0.125,0.125,4,1.2,5,0,0,1.7,1,1,2,1,0,0.5,0,0,0,0,1,0,0,0,0,0,0,0,0,1,0,0,0,0,0,0,0,1,0,0,0,0,0,1,1,0,0,,-,1.5666,-,-,-,-,1.5666,-,-,-,-,-,-,0.841863505,-,0.841863505,1.110411211,0.93794074,1.495975282,2.433916022,3.544327233,5.952790738
8507,;,1,0,0,0,0,0,0,1,0,0,0,0,0,1,1,0,0,0,0,1,0,0,0,0,0,0,1,0,0,0,0,1,0.5,0.125,0.125,4,1.2,5,0,0,1.7,1,1,2,1,0,0.5,0,2,1,1,1,0,0,0,0,0,0,0,0,1,0,0,0,0,0,0,0,1,0,0,0,1,0,1,1,0,0,,-,1.72471,-,-,-,-,1.72471,-,-,-,-,-,-,0.892429395,-,0.892429395,1.073283159,0.992301506,12.51830428,13.51060579,14.58388895,17.20102834
10623,;,1,0,0,0,1,0,0,1,0,0,0,0,0,1,1,0,0,0,0,1,0,0,0,0,0,0,1,0,0,0,0,2,1,0.25,0.25,4,1.2,6,0,0,2.2,2,1,1,1,0,1,0,0,0,0,1,0,0,0,0,0,0,0,0,1,0,0,0,0,0,0,0,1,0,0,0,1,0,1,1,0,0,,-,1.74119,-,1.93787,-,-,3.67906,-,-,-,-,-,-,0.863850216,-,0.863850216,2.799157267,0.917877235,1.358835592,2.276712827,5.075870094,9.61878031
11026,;,1,0,0,0,1,0,0,1,0,0,0,0,0,1,1,0,0,0,0,1,0,0,0,0,0,0,1,0,0,0,0,2,1,0.25,0.25,4,1.2,6,0,0,2.2,2,1,2,1,0,0.5,1,0,0,1,1,0,0,0,0,0,0,0,0,1,0,0,0,0,0,0,0,1,0,0,0,1,0,1,1,0,0,,-,1.74287,-,1.87631,-,-,3.61918,-,-,-,-,-,-,0.916220752,-,0.916220752,1.266445482,0.900217497,1.55782378,2.458041277,3.724486759,8.259887511
11419,;,1,0,0,0,0,0,0,1,0,0,0,0,0,1,1,0,0,0,0,1,0,0,0,0,0,0,1,0,0,0,0,1,0.5,0.125,0.125,4,1.2,5,0,0,1.7,1,1,2,1,0,0.5,0,1,1,1,1,0,0,0,0,0,0,0,0,1,0,0,0,0,0,0,0,1,0,0,0,0,0,1,1,0,0,,-,1.74531,-,-,-,-,1.74531,-,-,-,0.702912575,-,-,-,-,0.702912575,1.034988365,0.815247854,1.449130603,2.264378457,4.002279397,5.747589397
10436,;,1,0,0,0,1,0,0,1,0,0,0,0,0,1,1,0,0,0,0,1,0,0,0,0,0,0,1,0,0,0,0,2,1,0.25,0.25,4,1.2,6,0,0,2.2,2,1,2,1,0,0.5,0,0,0,0,1,0,0,0,0,0,0,0,0,1,0,0,0,0,0,0,0,1,0,0,0,0,0,1,1,0,0,,-,1.77546,-,2.07227,-,-,3.84773,-,-,-,-,-,-,0.867505053,-,0.867505053,1.084043272,0.859134969,1.507604985,2.366739954,3.450783226,8.166018279
11078,;,1,0,0,0,0,0,0,1,0,0,0,0,0,1,1,0,0,0,0,1,0,0,0,0,0,0,1,0,0,0,0,1,0.5,0.125,0.125,4,1.2,5,0,0,1.7,1,1,2,1,0,0.5,0,0,0,0,1,0,0,0,0,0,0,0,0,1,0,0,0,0,0,0,0,1,0,0,0,0,0,1,1,0,0,,-,1.78003,-,-,-,-,1.78003,-,-,-,-,-,-,0.777828185,-,0.777828185,0.992293581,1.797588312,1.880654896,3.678243208,4.670536789,7.228394974
10442,;,1,0,0,0,1,0,0,0,0,0,0,0,0,1,0,0,0,0,1,0,0,0,0,0,0,0,0,0,0,0,0,1,0.5,0.125,0.125,2,0.6,3,0,0,1.1,1,1,1,0,0,2,0,0,0,0,1,0,0,0,0,0,0,0,0,1,0,0,0,0,0,0,0,1,0,0,0,0,0,1,0,1,0,,-,-,-,1.15216,-,-,1.15216,-,-,0.886290028,-,-,-,-,-,0.886290028,-,0.785568848,-,0.785568848,0.785568848,2.824018876
10815,;,1,0,0,0,0,0,0,1,0,0,0,0,0,1,1,0,1,0,0,1,0,0,0,0,0,0,1,0,0,0,0,1,0.5,0.125,0.125,4,1.2,5,0,0,1.7,1,1,3,1,0,0.5,0,0,0,0,1,0,0,0,0,0,0,0,0,1,0,0,0,0,0,0,0,1,0,0,0,0,0,1,1,0,0,,-,1.85773,-,-,-,-,1.85773,-,-,-,-,-,-,0.927006604,-,0.927006604,0.977723679,1.82456815,1.72686364,3.55143179,4.529155469,7.313892073
8361,;,1,0,0,0,0,0,0,1,0,1,0,0,0,0,0,0,0,0,0,1,0,0,0,0,0,0,1,0,0,0,0,2,1,0.25,0.25,2,0.6,4,0,0,1.6,2,1,0,1,0,0.5,1,4,1,1,1,0,0,0,0,0,0,0,0,1,0,0,0,0,0,0,0,1,0,0,0,0,0,1,1,0,0,,-,1.89595,2.01104,-,-,-,3.90699,-,-,-,-,-,-,0.94430441,-,0.94430441,2.018667523,-,-,0,2.018667523,6.869961933
10782,;,1,0,0,0,1,0,0,0,0,0,0,0,0,1,0,0,0,0,0,1,0,0,0,0,0,0,1,0,0,0,0,1,0.5,0.125,0.125,3,0.9,4,0,0,1.4,1,1,1,1,0,1,1,1,1,1,1,0,0,0,0,0,0,0,0,1,0,0,0,0,0,0,0,1,0,0,0,1,0,1,1,0,0,,-,-,-,1.8211,-,-,1.8211,-,-,-,-,-,-,0.892404769,-,0.892404769,2.924466263,0.938250761,-,0.938250761,3.862717024,6.576221793
11043,;,1,0,0,0,0,0,0,1,0,0,0,0,0,1,1,0,0,0,0,1,0,0,0,0,0,0,1,0,0,0,0,1,0.5,0.125,0.125,4,1.2,5,0,0,1.7,1,1,2,1,0,0.5,0,0,0,0,1,0,0,0,0,0,0,0,0,1,0,0,0,0,0,0,0,1,0,0,0,0,0,1,1,0,0,,-,1.89798,-,-,-,-,1.89798,-,-,-,-,-,-,0.838873831,-,0.838873831,0.892912745,2.067307339,2.001357807,4.068665146,4.961577891,7.698431722
2449,;,1,0,0,0,1,0,0,1,0,0,0,0,0,1,1,0,0,0,0,1,0,0,0,0,0,0,1,0,0,0,0,2,1,0.25,0.25,4,1.2,6,0,0,2.2,2,1,2,1,0,2,1,1,1,1,1,0,0,0,0,0,0,0,0,1,0,0,0,0,0,0,0,1,0,0,0,1,0,1,1,0,0,,-,1.97159,-,1.32117,-,-,3.29276,-,-,-,-,-,-,0.733416159,-,0.733416159,0.980650981,0.937963077,1.657114054,2.595077131,3.575728112,7.601904271
11037,;,1,0,0,0,1,0,0,1,0,0,0,0,0,1,1,0,0,0,0,1,0,0,0,0,0,0,1,0,0,0,0,2,1,0.25,0.25,4,1.2,6,0,0,2.2,2,1,2,1,0,1,1,0,0,1,1,0,0,0,0,0,0,0,0,1,0,0,0,0,0,0,0,1,0,0,0,1,0,1,1,0,0,,-,2.06201,-,2.86734,-,-,4.92935,-,-,-,-,-,-,0.635605912,-,0.635605912,3.098445157,0.921873492,2.012613321,2.934486813,6.03293197,11.59788788
8998,;,1,0,0,0,0,0,0,1,0,1,0,0,0,0,0,0,0,0,0,1,0,0,0,0,0,0,1,0,0,0,0,2,1,0.25,0.25,2,0.6,4,0,0,1.6,2,1,0,1,0,8,1,0,0,1,1,0,0,0,0,0,0,0,0,1,0,0,0,0,0,0,0,1,0,0,0,1,0,1,1,0,0,,-,2.06979,2.0308,-,-,-,4.10059,-,-,-,-,-,-,0.737714752,-,0.737714752,2.009418913,-,-,0,2.009418913,6.847723665
5035,;,1,0,0,0,1,0,0,1,0,0,0,0,0,1,1,0,0,0,0,1,0,0,0,0,0,0,1,0,0,0,0,2,1,0.25,0.25,4,1.2,6,0,0,2.2,2,1,2,1,0,0.5,0,2,1,1,1,0,0,0,0,0,0,0,0,1,0,0,0,0,0,0,0,1,0,0,0,1,0,1,1,0,0,,-,2.2329,-,1.26043,-,-,3.49333,-,-,-,-,-,-,0.817564772,-,0.817564772,1.185071839,0.889810625,2.17973665,3.069547275,4.254619114,8.565513886
11075,;,1,0,0,0,1,0,0,0,0,0,0,0,0,1,0,0,0,0,0,1,0,0,0,0,0,0,1,0,0,0,0,1,0.5,0.125,0.125,3,0.9,4,0,0,1.4,1,1,1,1,0,0.25,0,0,0,0,0,1,1,0,1,0,0,0,0,1,0,0,0,0,0,0,0,1,0,0,0,0,1,0,0,0,0,,-,-,-,1.78827,-,-,1.78827,-,-,-,0.783495881,-,-,-,-,0.783495881,1.10140269,0.973435306,-,0.973435306,2.858333877,4.646603877
2987,;,1,0,0,0,1,0,0,1,0,0,0,0,0,1,1,0,0,0,0,1,0,0,0,0,0,0,1,0,0,0,0,2,1,0.25,0.25,4,1.2,6,0,0,2.2,2,1,2,1,0,1,1,2,1,1,1,0,0,0,0,0,0,0,0,1,0,0,0,0,0,0,0,1,0,0,0,1,0,1,1,0,0,,-,2.55593,-,4.03333,-,-,6.58926,-,-,-,-,-,-,0.733042867,-,0.733042867,1.142590911,0.845522741,2.020038048,2.865560789,4.0081517,11.33045457
6300,;,1,0,0,0,0,0,0,1,0,0,0,0,0,1,1,0,0,0,0,1,0,0,0,0,0,0,0,0,0,0,0,1,0.5,0.125,0.125,3,0.9,4,0,0,1.4,1,1,2,0,0,0.5,1,0,0,1,1,0,0,0,0,0,0,0,0,1,0,0,0,0,0,0,0,1,0,0,0,1,0,1,1,0,0,,-,3.3376,-,-,-,-,3.3376,-,-,-,-,-,-,0.839731634,-,0.839731634,-,0.989140452,3.317877182,4.307017634,4.307017634,8.484349268
8504,;,1,0,0,0,0,0,0,1,0,1,0,0,0,0,1,0,0,0,0,1,0,0,0,0,0,0,1,0,0,0,0,2,1,0.25,0.25,3,0.9,5,0,0,1.9,2,1,1,1,0,2,1,1,1,1,1,0,0,0,0,0,0,0,0,1,0,0,0,0,0,0,0,1,0,0,0,1,0,1,1,0,0,,-,4.1816,2.21206,-,-,-,6.39366,-,-,-,-,-,-,0.865309226,-,0.865309226,2.193232254,-,2.069277397,2.069277397,4.262509651,11.52147888
